{
  "name": "GoogleMobileAdsMediationIMobile",
  "version": "2.2.0.1",
  "summary": "i-mobile adapter used for mediation with the Google Mobile Ads SDK",
  "description": "The Google Mobile Ads SDK is the latest generation in Google mobile advertising featuring refined ad formats and streamlined APIs for access to mobile ad networks and advertising solutions. Google Mobile Ads Mediation helps maximize your fill rate and increase your monetization by sending ad requests to multiple networks to ensure you find the best available network to serve ads. This adapter enables you to use Google Mobile Ads Mediation to request ads from the I-mobile.",
  "homepage": "https://developers.google.com/admob/ios/mediation/i-mobile",
  "license": {
    "type": "Apache 2.0",
    "text": "Copyright 2019 Google Inc."
  },
  "authors": "Google Inc.",
  "platforms": {
    "ios": "10.0"
  },
  "vendored_frameworks": [
    "IMobileAdapter-2.2.0.1/IMobileAdapter.xcframework"
  ],
  "dependencies": {
    "ImobileSdkAds": "2.2.0",
    "Google-Mobile-Ads-SDK": "~> 9.0"
  },
  "pod_target_xcconfig": {
    "VALID_ARCHS[sdk=iphonesimulator*]": "arm64 x86_64",
    "VALID_ARCHS[sdk=iphoneos*]": "arm64 armv7"
    },
  "preserve_paths": [
    "IMobileAdapter-2.2.0.1/README.md"
  ],
  "requires_arc": true,
  "source": {
    "http": "https://dl.google.com/googleadmobadssdk/mediation/ios/imobile/IMobileAdapter-2.2.0.1.zip"
  }
}
